
-- Inserções de Dados 

INSERT INTO cliente (nome, sobrenome, documentoIdentificacao, contato, logradouro, numero, complemento, bairro, cidade, estado, cep) VALUES
('Carlos', 'Silva', '12345678900', '11999999999', 'Rua A', 123, 'Ap 1', 'Centro', 'São Paulo', 'SP', '01001000'),
('Ana', 'Pereira', '98765432100', '11988888888', 'Av. B', 456, NULL, 'Vila Nova', 'Rio de Janeiro', 'RJ', '20040002'),
('Ricardo', 'Melo', '56789012300', '11977777777', 'Rua C', 789, 'Bloco 2', 'Jardins', 'Belo Horizonte', 'MG', '30120030'),
('Mariana', 'Souza', '34567890100', '11966666666', 'Rua D', 159, NULL, 'Centro', 'Curitiba', 'PR', '80030000'),
('Bruno', 'Rodrigues', '90123456700', '11955555555', 'Av. E', 753, 'Casa 1', 'Zona Sul', 'Porto Alegre', 'RS', '90040040'),
('Gabriel', 'Fernandes', '11223344500', '11944444444', 'Rua F', 852, NULL, 'Boa Vista', 'Recife', 'PE', '50030050'),
('Larissa', 'Gomes', '55667788900', '11933333333', 'Rua G', 951, 'Sala 3', 'Santa Luzia', 'Salvador', 'BA', '40020060'),
('Roberto', 'Lima', '66778899000', '11922222222', 'Av. H', 357, NULL, 'Itaigara', 'Fortaleza', 'CE', '60010070'),
('Fernanda', 'Almeida', '77889900100', '11911111111', 'Rua I', 159, 'Bloco 5', 'Centro', 'Brasília', 'DF', '70040080'),
('Diego', 'Cavalcante', '88990011200', '11900000000', 'Av. J', 468, NULL, 'São Francisco', 'Manaus', 'AM', '69010090'),
('Rafael', 'Teixeira', '99001122300', '11955500000', 'Rua K', 786, 'Casa 2', 'Zona Norte', 'Goiânia', 'GO', '74020020'),
('Juliana', 'Freitas', '10223334400', '11944400000', 'Av. L', 234, NULL, 'Bela Vista', 'Natal', 'RN', '59010100'),
('Paulo', 'Oliveira', '11334455600', '11933300000', 'Rua M', 687, 'Apartamento 9', 'Centro', 'João Pessoa', 'PB', '58020010'),
('Adriana', 'Moraes', '12445566700', '11922200000', 'Rua N', 342, NULL, 'Praia Grande', 'Florianópolis', 'SC', '88010120'),
('Gustavo', 'Santana', '13556677800', '11911100000', 'Av. O', 555, 'Loja 1', 'Campo Grande', 'Campo Grande', 'MS', '79010030'),
('Camila', 'Ramos', '14667788900', '11900011111', 'Rua P', 900, NULL, 'Jardins', 'Belém', 'PA', '66010040'),
('Leandro', 'Araújo', '15778899000', '11988877777', 'Av. Q', 812, 'Cobertura', 'Boa Vista', 'Teresina', 'PI', '64010050'),
('Simone', 'Castro', '16889900100', '11977766666', 'Rua R', 345, NULL, 'Ipanema', 'Maceió', 'AL', '57010060'),
('Daniel', 'Ferreira', '17990011200', '11966655555', 'Av. S', 123, 'Andar 3', 'Bela Vista', 'Aracaju', 'SE', '49010070'),
('Bianca', 'Duarte', '18001122300', '11955544444', 'Rua T', 876, NULL, 'Centro', 'Vitória', 'ES', '29010080');


INSERT INTO Veiculo (modelo, ano, cor, placa, imagem_veiculo, Cliente_idCliente) VALUES
('Gol', '2015', 'Prata', 'ABC1234', 'imagem1.jpg', 1),
('Palio', '2012', 'Vermelho', 'XYZ5678', 'imagem2.jpg', 2),
('Civic', '2018', 'Preto', 'QWE9876', 'imagem3.jpg', 3),
('Corolla', '2020', 'Branco', 'ASD6543', 'imagem4.jpg', 4),
('Onix', '2019', 'Azul', 'ZXC3219', 'imagem5.jpg', 5),
('Fiesta', '2011', 'Verde', 'QAZ8523', 'imagem6.jpg', 6),
('Uno', '2016', 'Cinza', 'WSX7410', 'imagem7.jpg', 7),
('HB20', '2021', 'Preto', 'EDC9632', 'imagem8.jpg', 8),
('Sandero', '2017', 'Branco', 'RFV8521', 'imagem9.jpg', 9),
('Cruze', '2022', 'Vermelho', 'TGB1470', 'imagem10.jpg', 10),
('Duster', '2014', 'Prata', 'YHN8524', 'imagem11.jpg', 11),
('S10', '2013', 'Branco', 'UJM9635', 'imagem12.jpg', 12),
('Saveiro', '2018', 'Vermelho', 'IKL2589', 'imagem13.jpg', 13),
('Hilux', '2019', 'Preto', 'OLP3697', 'imagem14.jpg', 14),
('EcoSport', '2016', 'Cinza', 'MNB7412', 'imagem15.jpg', 15),
('Kwid', '2020', 'Amarelo', 'VFG3698', 'imagem16.jpg', 16),
('HR-V', '2021', 'Branco', 'HJK1597', 'imagem17.jpg', 17),
('Versa', '2015', 'Prata', 'PLO7536', 'imagem18.jpg', 18),
('Toro', '2022', 'Vermelho', 'QAZ3691', 'imagem19.jpg', 19),
('Strada', '2017', 'Preto', 'LKJ2587', 'imagem20.jpg', 20);

INSERT INTO Servico (descricao, valor_mao_de_obra) VALUES
('Troca de óleo', 120.00),
('Alinhamento e balanceamento', 150.00),
('Revisão geral', 300.00),
('Troca de pastilhas de freio', 200.00),
('Troca de bateria', 350.00),
('Higienização interna', 180.00),
('Troca de embreagem', 600.00),
('Troca de amortecedores', 500.00),
('Troca de pneus', 400.00),
('Lavagem completa', 100.00),
('Troca de filtros', 220.00),
('Polimento', 250.00),
('Manutenção elétrica', 300.00),
('Instalação de som', 450.00),
('Troca de velas', 200.00),
('Substituição de correia dentada', 500.00),
('Conserto do ar-condicionado', 550.00),
('Pintura parcial', 700.00),
('Troca de faróis', 350.00),
('Revisão de suspensão', 400.00);

INSERT INTO equipe (nome_equipe) VALUES
('Equipe Motor e Transmissão'),
('Equipe Freios e Suspensão'),
('Equipe Elétrica e Eletrônica'),
('Equipe Funilaria e Pintura'),
('Equipe Troca de Óleo e Filtros'),
('Equipe Diagnóstico e Scanner'),
('Equipe Ar-Condicionado'),
('Equipe Alinhamento e Balanceamento'),
('Equipe Pneus e Rodas'),
('Equipe Inspeção e Revisão Geral'),
('Equipe Injeção Eletrônica'),
('Equipe Embreagem e Câmbio'),
('Equipe Preparação de Motores'),
('Equipe Turbo e Supercharger'),
('Equipe Escapamento e Catalisador'),
('Equipe Manutenção Preventiva'),
('Equipe Manutenção Corretiva'),
('Equipe Retrofit de Veículos'),
('Equipe Preparação Off-Road'),
('Equipe Som e Acessórios Automotivos');

INSERT INTO Ordem_de_Servico (data_emissao, tipo_OS, descricao, status_OS, data_conclusao, valor_total, Veiculo_idVeiculo, Equipe_idEquipe) VALUES
('2024-02-01', 'Revisão', 'Revisão geral do veículo', 'Em andamento', NULL, 350.00, 1, 3),
('2024-02-02', 'Troca', 'Troca de pastilhas de freio', 'Concluído', '2024-02-03', 200.00, 2, 4),
('2024-02-03', 'Troca', 'Troca de óleo', 'Em andamento', NULL, 120.00, 3, 1),
('2024-02-04', 'Instalação', 'Instalação de som', 'Concluído', '2024-02-05', 450.00, 4, 8),
('2024-02-05', 'Troca', 'Troca de pneus', 'Concluído', '2024-02-06', 400.00, 5, 9),
('2024-02-06', 'Manutenção', 'Manutenção elétrica', 'Concluído', '2024-02-07', 300.00, 6, 13),
('2024-02-07', 'Revisão', 'Revisão completa', 'Em andamento', NULL, 500.00, 7, 3),
('2024-02-08', 'Troca', 'Troca de amortecedores', 'Concluído', '2024-02-09', 500.00, 8, 11),
('2024-02-09', 'Reparo', 'Conserto do ar-condicionado', 'Concluído', '2024-02-10', 550.00, 9, 6),
('2024-02-10', 'Pintura', 'Pintura parcial', 'Em andamento', NULL, 700.00, 10, 19),
('2024-02-11', 'Revisão', 'Troca de velas', 'Concluído', '2024-02-12', 200.00, 11, 20),
('2024-02-12', 'Troca', 'Troca de bateria', 'Concluído', '2024-02-13', 350.00, 12, 5),
('2024-02-13', 'Manutenção', 'Alinhamento e balanceamento', 'Concluído', '2024-02-14', 150.00, 13, 2),
('2024-02-14', 'Troca', 'Substituição de correia dentada', 'Concluído', '2024-02-15', 500.00, 14, 16),
('2024-02-15', 'Higienização', 'Higienização interna', 'Concluído', '2024-02-16', 180.00, 15, 6),
('2024-02-16', 'Troca', 'Troca de faróis', 'Concluído', '2024-02-17', 350.00, 16, 19),
('2024-02-17', 'Pintura', 'Pintura geral', 'Em andamento', NULL, 1000.00, 17, 19),
('2024-02-18', 'Troca', 'Troca de filtros', 'Concluído', '2024-02-19', 220.00, 18, 11),
('2024-02-19', 'Revisão', 'Revisão de suspensão', 'Concluído', '2024-02-20', 400.00, 19, 20),
('2024-02-20', 'Polimento', 'Polimento completo', 'Em andamento', NULL, 250.00, 20, 12);


INSERT INTO peca_veiculo (nome, categoria, valor, descricao) VALUES
('Filtro de óleo', 'Motor', 30.00, 'Filtro de óleo para motores 1.6'),
('Pastilha de freio', 'Freios', 90.00, 'Jogo de pastilhas dianteiras'),
('Bateria 60Ah', 'Elétrica', 400.00, 'Bateria para veículos médios'),
('Amortecedor dianteiro', 'Suspensão', 250.00, 'Amortecedor para sedan'),
('Óleo sintético 5W30', 'Lubrificantes', 70.00, 'Óleo sintético para motor'),
('Pneu 175/70R14', 'Pneus', 300.00, 'Pneu de alta performance'),
('Velas de ignição', 'Motor', 50.00, 'Jogo com 4 velas'),
('Correia dentada', 'Motor', 200.00, 'Correia para motor 1.8'),
('Filtro de ar', 'Filtros', 40.00, 'Filtro de ar esportivo'),
('Farol LED', 'Iluminação', 150.00, 'Farol LED branco'),
('Disco de freio', 'Freios', 180.00, 'Disco ventilado para carros 1.4'),
('Sensor de estacionamento', 'Elétrica', 250.00, 'Kit com 4 sensores'),
('Embreagem completa', 'Transmissão', 700.00, 'Conjunto completo de embreagem'),
('Radiador', 'Arrefecimento', 600.00, 'Radiador de alumínio'),
('Coxim do motor', 'Suspensão', 90.00, 'Coxim hidráulico para motor'),
('Parachoque dianteiro', 'Lataria', 500.00, 'Parachoque com pintura personalizada'),
('Vidro elétrico', 'Elétrica', 350.00, 'Kit de vidro elétrico'),
('Retrovisor elétrico', 'Elétrica', 400.00, 'Retrovisor elétrico com desembaçador'),
('Sensor de temperatura', 'Motor', 120.00, 'Sensor de temperatura do motor'),
('Catalisador', 'Escapamento', 900.00, 'Catalisador para redução de poluentes');


INSERT INTO mecanico (nome, sobrenone, logradouro, numero, complemento, bairro, cidade, estado, cep, especializacao, Equipe_idEquipe) VALUES
('João', 'Ferreira', 'Rua X', 100, 'Bloco A', 'Centro', 'São Paulo', 'SP', '01002000', 'Motor', 1),
('Carlos', 'Mendes', 'Av. Y', 200, NULL, 'Jardins', 'Rio de Janeiro', 'RJ', '20030010', 'Freios', 2),
('Bruno', 'Lima', 'Rua Z', 300, 'Casa 3', 'Boa Vista', 'Belo Horizonte', 'MG', '30140020', 'Suspensão', 3),
('Rafael', 'Gomes', 'Av. W', 400, NULL, 'Itaigara', 'Curitiba', 'PR', '80050030', 'Bateria', 4),
('Anderson', 'Oliveira', 'Rua V', 500, 'Ap 4', 'Centro', 'Porto Alegre', 'RS', '90060040', 'Pintura', 5),
('Ricardo', 'Santos', 'Av. U', 600, NULL, 'Santa Luzia', 'Recife', 'PE', '50070050', 'Ar-condicionado', 6),
('Leonardo', 'Martins', 'Rua T', 700, 'Sala 5', 'Jardins', 'Salvador', 'BA', '40080060', 'Troca de óleo', 7),
('Gabriel', 'Silva', 'Av. S', 800, NULL, 'Zona Sul', 'Fortaleza', 'CE', '60090070', 'Instalação de som', 8),
('Daniel', 'Souza', 'Rua R', 900, 'Bloco 6', 'Centro', 'Brasília', 'DF', '70010080', 'Correia dentada', 9),
('Rodrigo', 'Pereira', 'Av. Q', 1000, NULL, 'São Francisco', 'Manaus', 'AM', '69020090', 'Embreagem', 10),
('Alex', 'Rodrigues', 'Rua P', 1100, 'Casa 7', 'Boa Vista', 'Goiânia', 'GO', '74030020', 'Troca de pneus', 11),
('Diego', 'Alves', 'Av. O', 1200, NULL, 'Bela Vista', 'Natal', 'RN', '59040030', 'Manutenção elétrica', 12),
('Julio', 'Neves', 'Rua N', 1300, 'Apartamento 8', 'Centro', 'João Pessoa', 'PB', '58050040', 'Alinhamento', 13),
('Samuel', 'Teixeira', 'Av. M', 1400, NULL, 'Praia Grande', 'Florianópolis', 'SC', '88060050', 'Balanceamento', 14),
('Vinícius', 'Moraes', 'Rua L', 1500, 'Loja 9', 'Campo Grande', 'Campo Grande', 'MS', '79070060', 'Revisão geral', 15);


INSERT INTO orcamento_servico (ordem_de_Servico_idOrdemServico, servico_idServico, quantidade, valor_total_servico) VALUES
(21, 1, 1, 250.00),
(22, 3, 2, 600.00),
(23, 2, 1, 180.00),
(24, 5, 1, 120.00),
(25, 4, 1, 320.00),
(26, 6, 1, 400.00),
(22, 7, 1, 150.00),
(30, 8, 1, 200.00),
(33, 9, 2, 700.00),
(37, 10, 1, 500.00),
(28, 1, 1, 250.00),
(22, 2, 1, 180.00),
(24, 3, 1, 300.00),
(38, 5, 2, 240.00),
(40, 6, 1, 400.00),
(21, 7, 1, 150.00),
(36, 8, 1, 200.00),
(26, 9, 1, 350.00),
(31, 10, 1, 500.00),
(29, 4, 1, 320.00);

INSERT INTO orcamento_peca (ordem_de_Servico_idOrdemServico, peca_Veiculo_idPecaVeiculo, quantidade, valor_total_peca) VALUES
(22, 1, 2, 300.00),
(25, 3, 1, 150.00),
(30, 2, 1, 250.00),
(36, 4, 2, 400.00),
(30, 5, 1, 180.00),
(28, 6, 3, 540.00),
(40, 7, 2, 500.00),
(32, 8, 1, 220.00),
(22, 9, 1, 350.00),
(33, 10, 2, 800.00),
(40, 1, 1, 150.00),
(39, 2, 1, 250.00),
(37, 3, 2, 300.00),
(29, 5, 4, 180.00),
(21, 6, 1, 180.00),
(24, 7, 2, 500.00),
(25, 8, 3, 660.00),
(35, 9, 1, 350.00),
(34, 10, 1, 400.00),
(35, 4, 2, 400.00);





